Month,Monthly_Sales,Monthly_Profit
2024-01,387937,71171.85021972656
2024-02,393309,79900.4698562622
2024-03,364486,76434.83000946045
2024-04,286787,60824.81029510498
2024-05,408708,82765.5707244873
