Product_Name,Total_Profit
Product_8,47194.790351867676
Product_7,45140.740158081055
Product_3,41810.670486450195
Product_6,37890.3599319458
Product_1,36079.55029296875
